{"Paris": [2.1601868, 48.7344554, 2.5694275, 49.0027448], "Amsterdam": [4.7598267, 52.2887426, 4.9898529, 52.4267102], "The Hague": [4.2194366, 52.0115132, 4.412384, 52.1022876], "Strasbourg": [7.6957512, 48.5592273, 7.7831268, 48.6070359], "Rotterdam": [4.432118, 51.9031892, 4.5141792, 51.9404383], "Lille": [2.9831314, 50.5984938, 3.1328201, 50.6812322], "Edinburgh": [-3.286972, 55.9016884, -3.1151752, 55.9832106], "Utrecht": [5.0818634, 52.0569238, 5.1529312, 52.119577], "London (UK)": [-0.4524994, 51.3559176, 0.1951244, 51.6346407], "Bordeaux": [-0.6794357, 44.7742802, -0.5160141, 44.8899313], "London (CA)": [-81.3335037,42.948884,-81.1669922,43.0320078], "Brussels": [4.2784882,50.8023547,4.4398499,50.8795354], "Berlin": [13.3023834,52.4474309,13.5121536,52.5707163], "Kyoto": [135.6923103,34.9350598,135.7752228,35.0322454], "Vienna": [16.3014793,48.1824554,16.397953,48.2340495], "Yaound\u00e9": [11.4685249, 3.8067056, 11.5775299, 3.9010771], "Dar es Salaam": [39.252305, -6.8303493, 39.2870665, -6.8052509], "Kampala": [32.4941254, 0.2619543, 32.6393509, 0.3680395], "Douala": [9.6818733, 4.0110211, 9.7433281, 4.0706107], "Butembo": [29.2668127, 0.0937271, 29.336071, 0.1582421], "S\u00e3o Paulo": [-46.6956711, -23.6074078, -46.5772247, -23.4922172], "Barranquilla": [-74.834919, 10.930405, -74.7774124, 11.009443], "Asunci\u00f3n": [-57.6677513, -25.3266491, -57.5832939, -25.2749692], "San Juan": [-68.5699654, -31.5549874, -68.4906578, -31.5127274], "Porto Alegre": [-51.2329181, -30.0603286, -51.1756897, -30.0245161]}
